{
    "MX": [0, 0.3, 0.5, 0.9],
    "AX": [-30, -20, -10, -8, -6, -4, -2, -1, 0, 1, 2, 4, 6, 8, 10, 20, 30],
    "DX": [-25, -20, -15, -10, -5, -2, -1, 0, 1, 2, 5, 10, 15, 20, 25],
    "CYA": [
        [-2.34009, -1.58131, -0.82254, -0.67079, -0.51903, -0.36728, -0.21552, -0.13965, -0.06377, 0.01211, 0.08799, 0.23974, 0.3915, 0.54325, 0.695, 1.45378, 2.21255 ],
        [-2.34009, -1.58131, -0.82254, -0.67079, -0.51903, -0.36728, -0.21552, -0.13965, -0.06377, 0.01211, 0.08799, 0.23974, 0.3915, 0.54325, 0.695, 1.45378, 2.21255 ],
        [-2.34009, -1.58131, -0.82254, -0.67079, -0.51903, -0.36728, -0.21552, -0.13965, -0.06377, 0.01211, 0.08799, 0.23974, 0.3915, 0.54325, 0.695, 1.45378, 2.21255 ],
        [-2.34009, -1.58131, -0.82254, -0.67079, -0.51903, -0.36728, -0.21552, -0.13965, -0.06377, 0.01211, 0.08799, 0.23974, 0.3915, 0.54325, 0.695, 1.45378, 2.21255 ],
        [-2.34009, -1.58131, -0.82254, -0.67079, -0.51903, -0.36728, -0.21552, -0.13965, -0.06377, 0.01211, 0.08799, 0.23974, 0.3915, 0.54325, 0.695, 1.45378, 2.21255 ]
    ],
    "CXA": [
        [0.50002, 0.25604, 0.10648, 0.0879, 0.07309, 0.06206, 0.05481, 0.0526, 0.05133, 0.05101, 0.05164, 0.05571, 0.06357, 0.0752, 0.09061, 0.2243, 0.45241],
        [0.50002, 0.25604, 0.10648, 0.0879, 0.07309, 0.06206, 0.05481, 0.0526, 0.05133, 0.05101, 0.05164, 0.05571, 0.06357, 0.0752, 0.09061, 0.2243, 0.45241],
        [0.50002, 0.25604, 0.10648, 0.0879, 0.07309, 0.06206, 0.05481, 0.0526, 0.05133, 0.05101, 0.05164, 0.05571, 0.06357, 0.0752, 0.09061, 0.2243, 0.45241],
        [0.50002, 0.25604, 0.10648, 0.0879, 0.07309, 0.06206, 0.05481, 0.0526, 0.05133, 0.05101, 0.05164, 0.05571, 0.06357, 0.0752, 0.09061, 0.2243, 0.45241],
        [0.50002, 0.25604, 0.10648, 0.0879, 0.07309, 0.06206, 0.05481, 0.0526, 0.05133, 0.05101, 0.05164, 0.05571, 0.06357, 0.0752, 0.09061, 0.2243, 0.45241]
    ],
    "MZ": [
        [2.53222, 1.83047, 1.12872, 0.98837, 0.84802, 0.70767, 0.56732, 0.49715, 0.42697, 0.3568, 0.28662, 0.14627, 0.00592, -0.13443, -0.27478, -0.97652, -1.67827],
        [2.53222, 1.83047, 1.12872, 0.98837, 0.84802, 0.70767, 0.56732, 0.49715, 0.42697, 0.3568, 0.28662, 0.14627, 0.00592, -0.13443, -0.27478, -0.97652, -1.67827],
        [2.53222, 1.83047, 1.12872, 0.98837, 0.84802, 0.70767, 0.56732, 0.49715, 0.42697, 0.3568, 0.28662, 0.14627, 0.00592, -0.13443, -0.27478, -0.97652, -1.67827],
        [2.53222, 1.83047, 1.12872, 0.98837, 0.84802, 0.70767, 0.56732, 0.49715, 0.42697, 0.3568, 0.28662, 0.14627, 0.00592, -0.13443, -0.27478, -0.97652, -1.67827],
        [2.53222, 1.83047, 1.12872, 0.98837, 0.84802, 0.70767, 0.56732, 0.49715, 0.42697, 0.3568, 0.28662, 0.14627, 0.00592, -0.13443, -0.27478, -0.97652, -1.67827]
    ],
    "dMZ": [1.06031, 0.88241, 0.7045, 0.5266, 0.34869, 0.24195, 0.20637, 0.17079, 0.13521, 0.09963, -0.00712, -0.18502, -0.36293, -0.54083, -0.71874],
    "dMX": [-0.12687, -0.1015, -0.07612, -0.05075, -0.02537, -0.01015, -0.00507, 0, 0.00507, 0.01015, 0.02537, 0.05075, 0.07612, 0.1015, 0.12687 ]
}