{
    "MX": [0, 0.3, 0.5, 0.9],
    "AX": [-20, -12, -8, -4, 0, 4, 8, 12, 20],
    "DX": [-30, -20, -10, 0, 10, 20, 30],
    "CYA": [
        [-0.7346, -0.60503, -0.3462, -0.0438, 0.3573, 0.7747, 1.117, 1.429, 1.574],
        [-0.7346, -0.60503, -0.3462, -0.0438, 0.3573, 0.7747, 1.117, 1.429, 1.574],
        [-0.7346, -0.60503, -0.3462, -0.0438, 0.3573, 0.7747, 1.117, 1.429, 1.574],
        [-0.7346, -0.60503, -0.3462, -0.0438, 0.3573, 0.7747, 1.117, 1.429, 1.574],
        [-0.7346, -0.60503, -0.3462, -0.0438, 0.3573, 0.7747, 1.117, 1.429, 1.574]
    ],
    "CXA": [
        [0.3386, 0.1461, 0.07524, 0.04869, 0.04702, 0.07187, 0.1221, 0.19472, 0.3806],
        [0.3386, 0.1461, 0.07524, 0.04869, 0.04702, 0.07187, 0.1221, 0.19472, 0.3806],
        [0.3386, 0.1461, 0.07524, 0.04869, 0.04702, 0.07187, 0.1221, 0.19472, 0.3806],
        [0.3386, 0.1461, 0.07524, 0.04869, 0.04702, 0.07187, 0.1221, 0.19472, 0.3806],
        [0.3386, 0.1461, 0.07524, 0.04869, 0.04702, 0.07187, 0.1221, 0.19472, 0.3806]
    ],
    "MZ": [
        [-0.1098, -0.1886, -0.2553, -0.3114, -0.3533, -0.3711, -0.4148, -0.6044, -0.5161],
        [-0.1098, -0.1886, -0.2553, -0.3114, -0.3533, -0.3711, -0.4148, -0.6044, -0.5161],
        [-0.1098, -0.1886, -0.2553, -0.3114, -0.3533, -0.3711, -0.4148, -0.6044, -0.5161],
        [-0.1098, -0.1886, -0.2553, -0.3114, -0.3533, -0.3711, -0.4148, -0.6044, -0.5161],
        [-0.1098, -0.1886, -0.2553, -0.3114, -0.3533, -0.3711, -0.4148, -0.6044, -0.5161]
    ],
    "dMZ": [0.3633, 0.5333,0.3566 , 0, -0.4039, -0.4825, -0.3816],
    "dMX": [-0.12687, -0.07612, -0.05075,0, 0.05075, 0.07612, 0.12687],
    "T_THRUST": [0, 1.5, 1.55, 5.5, 5.501, 100500],
    "M_THRUST": [0.0, 0.0, 0.03, 0.03, 0.0, 0.0]
}




