{
    "MX": [0, 0.3, 0.5, 0.9],
    "AX": [-12.5, -8.5, -6.5, -4.5, 0, 4.5, 6.5, 8.5, 12.5],
    "DX": [-20, -15, -10, -5, -2, 0, 2, 5, 10, 15, 20],
    "CYA": [
        [-0.73816, -0.61074, -0.42994, -0.28983, 0.17338, 0.56475, 0.73336, 0.87078, 1.13082],
		[-0.73816, -0.61074, -0.42994, -0.28983, 0.17338, 0.56475, 0.73336, 0.87078, 1.13082],
		[-0.73816, -0.61074, -0.42994, -0.28983, 0.17338, 0.56475, 0.73336, 0.87078, 1.13082],
		[-0.73816, -0.61074, -0.42994, -0.28983, 0.17338, 0.56475, 0.73336, 0.87078, 1.13082]
    ],
    "CXA": [
        [0.18906, 0.10098, 0.05478, 0.03437, 0.01304, 0.0232, 0.03782, 0.05972, 0.12885],
		[0.18906, 0.10098, 0.05478, 0.03437, 0.01304, 0.0232, 0.03782, 0.05972, 0.12885],
		[0.18906, 0.10098, 0.05478, 0.03437, 0.01304, 0.0232, 0.03782, 0.05972, 0.12885],
		[0.18906, 0.10098, 0.05478, 0.03437, 0.01304, 0.0232, 0.03782, 0.05972, 0.12885]
    ],
    "MZ": [
        [0.49444, 0.39065, 0.27502, 0.21655, 0.01149, -0.15263, -0.22826, -0.29554, -0.50368],
		[0.49444, 0.39065, 0.27502, 0.21655, 0.01149, -0.15263, -0.22826, -0.29554, -0.50368],
		[0.49444, 0.39065, 0.27502, 0.21655, 0.01149, -0.15263, -0.22826, -0.29554, -0.50368],
		[0.49444, 0.39065, 0.27502, 0.21655, 0.01149, -0.15263, -0.22826, -0.29554, -0.50368]
    ],
	"dMZ": [0.41512, 0.37629, 0.28052, 0.14315, 0.06636, 0, -0.04181, -0.12482, -0.28642, -0.40329, -0.54855],
    "dMX": [-0.27, -0.2, -0.14, -0.06, -0.02, 0, 0.033, 0.07, 0.14, 0.18, 0.205],
    "T_THRUST": [],
    "M_THRUST": [],
    "R_MAX": 700,
    "MOTOR_DRAIN_MAX": 28000, 
    "CHARGE_TOTAL": 27000000,
    "K_MOTOR": [1, 1, 0.75, 0.7, 0.7, 0.65, 0.5, 0.1, 0, 0],
    "T_MOTOR": [0, 15, 30, 75, 150, 250, 500, 750, 1000, 100000]
}




